id,name,division,title,social_id,phone_no_1,phone_no_2
D001,오현석,Sales,이사      ,10011-0983425,010-1111-2222,010-3333-4444
D002,김상혁,Sales,이사      ,10011-0983425,010-1111-2222,010-3333-4444
D003,정봉주,Sales,이사      ,10011-0983425,010-1111-2222,010-3333-4444
D004,이상근,Sales,이사      ,10011-0983425,010-1111-2222,010-3333-4444
D005,김현희,Marketting,이사 ,10011-0983425,010-1111-2222,010-3333-4444
D006,이근철,Marketting,이사 ,10011-0983425,010-1111-2222,010-3333-4444
D007,마이클,Marketting,부장 ,10011-0983425,010-1111-2222,010-3333-4444
D008,김이철,Marketting,부장 ,10011-0983425,010-1111-2222,010-3333-4444
D009,박수철,Marketting,부장 ,10011-0983425,010-1111-2222,010-3333-4444
D010,양회근,Maintenance,부장,10011-0983425,010-1111-2222,010-3333-4444
D011,김진만,Maintenance,부장,10011-0983425,010-1111-2222,010-3333-4444
D012,스티브,Maintenance,부장,10011-0983425,010-1111-2222,010-3333-4444
D013,이상철,Maintenance,부장,10011-0983425,010-1111-2222,010-3333-4444
D014,이기수,Maintenance,차장,10011-0983425,010-1111-2222,010-3333-4444
D015,이희철,Driver,차장     ,10011-0983425,010-1111-2222,010-3333-4444
D016,박수쳐,Driver,차장     ,10011-0983425,010-1111-2222,010-3333-4444
D017,자우림,Driver,차장     ,10011-0983425,010-1111-2222,010-3333-4444
D018,김수철,Driver,차장     ,10011-0983425,010-1111-2222,010-3333-4444
D019,김도윤,Driver,차장     ,10011-0983425,010-1111-2222,010-3333-4444
D020,윤석인,Driver,차장     ,10011-0983425,010-1111-2222,010-3333-4444
D021,김경수,Driver,차장     ,10011-0983425,010-1111-2222,010-3333-4444
D022,현창환,Driver,과장     ,10011-0983425,010-1111-2222,010-3333-4444
D023,하영민,Driver,과장     ,10011-0983425,010-1111-2222,010-3333-4444
D024,문광훈,Driver,과장     ,10011-0983425,010-1111-2222,010-3333-4444
D025,최광,Driver,과장      ,10011-0983425,010-1111-2222,010-3333-4444
D026,민홍기,Driver,과장     ,10011-0983425,010-1111-2222,010-3333-4444
D027,이인섭,Driver,과장     ,10011-0983425,010-1111-2222,010-3333-4444
D028,이광재,Driver,과장     ,10011-0983425,010-1111-2222,010-3333-4444
D029,최종우,Driver,과장     ,10011-0983425,010-1111-2222,010-3333-4444
D030,한의근,Driver,과장     ,10011-0983425,010-1111-2222,010-3333-4444
D031,서승원,Driver,과장     ,10011-0983425,010-1111-2222,010-3333-4444
D032,황철도,Driver,과장     ,10011-0983425,010-1111-2222,010-3333-4444
D033,김종철,Driver,대리     ,10011-0983425,010-1111-2222,010-3333-4444
D034,류명균,Driver,대리     ,10011-0983425,010-1111-2222,010-3333-4444
D035,정수현,Driver,대리     ,10011-0983425,010-1111-2222,010-3333-4444
D036,양병일,Driver,대리     ,10011-0983425,010-1111-2222,010-3333-4444
D037,홍정기,Driver,대리     ,10011-0983425,010-1111-2222,010-3333-4444
D038,설금희,Driver,대리     ,10011-0983425,010-1111-2222,010-3333-4444
D039,이동형,Driver,대리     ,10011-0983425,010-1111-2222,010-3333-4444
D040,김수엽,Driver,대리     ,10011-0983425,010-1111-2222,010-3333-4444
D041,김찬석,Driver,대리     ,10011-0983425,010-1111-2222,010-3333-4444
D042,이동현,Driver,대리     ,10011-0983425,010-1111-2222,010-3333-4444
D043,조재형,Driver,사원     ,10011-0983425,010-1111-2222,010-3333-4444
D044,오성우,Driver,사원     ,10011-0983425,010-1111-2222,010-3333-4444
D045,김병수,Driver,사원     ,10011-0983425,010-1111-2222,010-3333-4444
D046,박승모,Driver,사원     ,10011-0983425,010-1111-2222,010-3333-4444
D047,이동희,Driver,사원     ,10011-0983425,010-1111-2222,010-3333-4444
D048,김태문,Driver,사원     ,10011-0983425,010-1111-2222,010-3333-4444
D049,조치호,Driver,사원     ,10011-0983425,010-1111-2222,010-3333-4444
D050,표현수,Driver,사원     ,10011-0983425,010-1111-2222,010-3333-4444
