vehicle, month, run_dist, run_time, consmpt, co2_emss, effcc, mnt_time, oos_cnt, mnt_cnt
V001, 2011-01-01, 1000, 1500, 330, 120, 3.15, 15, 1, 1
V001, 2011-02-01, 1500, 1800, 500, 140, 2.85, 0,  0, 0
V001, 2011-03-01, 1300, 1350, 410, 110, 3.05, 9,  1, 1
V001, 2011-04-01, 1600, 1250, 350, 140, 2.95, 135, 2, 2
V001, 2011-05-01, 2000, 1820, 660, 160, 2.85, 23, 1, 1
V001, 2011-06-01, 1200, 1170, 300, 125, 3.25, 0,  0, 0
V001, 2011-07-01, 1900, 1750, 620, 190, 2.95, 27, 2, 2
V001, 2011-08-01, 1700, 1600, 610, 160, 3.27, 34, 1, 1
V001, 2011-09-01, 2100, 1500, 700, 210, 2.98,  0, 0, 0
V001, 2011-10-01, 2200, 1800, 720, 215, 2.87, 12, 1, 1
V001, 2011-11-01, 1600, 1350, 510, 180, 3.03, 15, 1, 1
V001, 2011-12-01, 1300, 1250, 410, 125, 3.12,  0, 0, 0
V001, 2012-01-01, 1500, 1835, 450, 120, 2.95, 15, 1, 1
V001, 2012-02-01, 1300, 1110, 340, 140, 3.13, 0,  0, 0
V001, 2012-03-01, 1550, 1745, 470, 110, 3.25, 9,  1, 1
V001, 2012-04-01, 1600, 1635, 500, 140, 3.52, 35, 2, 2
V002, 2011-01-01, 1000, 1500, 330, 120, 3.15, 23, 1, 1
V002, 2011-02-01, 1500, 1800, 500, 140, 2.85, 0,  0, 0
V002, 2011-03-01, 1300, 1350, 410, 110, 3.05, 107, 2, 2
V002, 2011-04-01, 1600, 1250, 350, 140, 2.95, 34, 1, 1
V002, 2011-05-01, 2000, 1820, 660, 160, 2.85,  0, 0, 0
V002, 2011-06-01, 1200, 1170, 300, 125, 3.25, 12, 1, 1
V002, 2011-07-01, 1900, 1750, 620, 190, 2.95, 15, 1, 1
V002, 2011-08-01, 1700, 1660, 610, 160, 3.27,  0, 0, 0
V002, 2011-09-01, 2100, 1500, 700, 210, 2.98, 15, 1, 1
V002, 2011-10-01, 2200, 1800, 720, 215, 2.87, 0,  0, 0
V002, 2011-11-01, 1600, 1350, 510, 180, 3.03, 9,  1, 1
V002, 2011-12-01, 1300, 1250, 410, 125, 3.12, 35, 2, 2
V002, 2012-01-01, 1500, 1820, 450, 120, 2.95, 23, 1, 1
V002, 2012-02-01, 1300, 1170, 340, 140, 3.13, 0,  0, 0
V002, 2012-03-01, 1550, 1750, 470, 110, 3.25, 27, 2, 2
V002, 2012-04-01, 1600, 1600, 500, 140, 3.52, 34, 1, 1
V003, 2011-01-01, 1000, 1500, 330, 120, 3.15,  0, 0, 0
V003, 2011-02-01, 1500, 1800, 500, 140, 2.85, 12, 1, 1
V003, 2011-03-01, 1300, 1350, 410, 110, 3.05, 15, 1, 1
V003, 2011-04-01, 1600, 1250, 350, 140, 2.95,  0, 0, 0
V003, 2011-05-01, 2000, 1835, 660, 160, 2.85, 15, 1, 1
V003, 2011-06-01, 1200, 1110, 300, 125, 3.25, 0,  0, 0
V003, 2011-07-01, 1900, 1745, 620, 190, 2.95, 9,  1, 1
V003, 2011-08-01, 1700, 1635, 610, 160, 3.27, 76, 2, 2
V003, 2011-09-01, 2100, 1500, 700, 210, 2.98, 23, 1, 1
V003, 2011-10-01, 2200, 1800, 720, 215, 2.87, 0,  0, 0
V003, 2011-11-01, 1600, 1350, 510, 180, 3.03, 27, 2, 2
V003, 2011-12-01, 1300, 1250, 410, 125, 3.12, 34, 1, 1
V003, 2012-01-01, 1500, 1820, 450, 120, 2.95,  0, 0, 0
V003, 2012-02-01, 1300, 1170, 340, 140, 3.13, 12, 1, 1
V003, 2012-03-01, 1550, 1750, 470, 110, 3.25, 15, 1, 1
V003, 2012-04-01, 1600, 1660, 500, 140, 3.52,  0, 0, 0
V004, 2011-01-01, 1000, 1660, 330, 120, 3.15, 15, 1, 1
V004, 2011-02-01, 1500, 1635, 500, 140, 2.85, 0,  0, 0
V004, 2011-03-01, 1300, 1820, 410, 110, 3.05, 9,  1, 1
V004, 2011-04-01, 1600, 1250, 350, 140, 2.95, 35, 2, 2
V004, 2011-05-01, 2000, 1635, 660, 160, 2.85, 23, 1, 1
V004, 2011-06-01, 1200, 1820, 300, 125, 3.25, 0,  0, 0
V004, 2011-07-01, 1900, 1250, 620, 190, 2.95, 27, 2, 2
V004, 2011-08-01, 1700, 1110, 610, 160, 3.27, 34, 1, 1
V004, 2011-09-01, 2100, 1600, 700, 210, 2.98,  0, 0, 0
V004, 2011-10-01, 2200, 1500, 720, 215, 2.87, 12, 1, 1
V004, 2011-11-01, 1600, 1800, 510, 180, 3.03, 15, 1, 1
V004, 2011-12-01, 1300, 1350, 410, 125, 3.12,  0, 0, 0
V004, 2012-01-01, 1500, 1250, 450, 120, 2.95, 15, 1, 1
V004, 2012-02-01, 1300, 1835, 340, 140, 3.13, 0,  0, 0
V004, 2012-03-01, 1550, 1110, 470, 110, 3.25, 9,  1, 1
V004, 2012-04-01, 1600, 1745, 500, 140, 3.52, 56, 2, 2
V005, 2011-01-01, 1000, 1635, 330, 120, 3.15, 23, 1, 1
V005, 2011-02-01, 1500, 1500, 500, 140, 2.85, 0,  0, 0
V005, 2011-03-01, 1300, 1800, 410, 110, 3.05, 27, 2, 2
V005, 2011-04-01, 1600, 1350, 350, 140, 2.95, 34, 1, 1
V005, 2011-05-01, 2000, 1250, 660, 160, 2.85,  0, 0, 0
V005, 2011-06-01, 1200, 1820, 300, 125, 3.25, 12, 1, 1
V005, 2011-07-01, 1900, 1170, 620, 190, 2.95, 15, 1, 1
V005, 2011-08-01, 1700, 1750, 610, 160, 3.27,  0, 0, 0
V005, 2011-09-01, 2100, 1660, 700, 210, 2.98, 15, 1, 1
V005, 2011-10-01, 2200, 1500, 720, 215, 2.87, 0,  0, 0
V005, 2011-11-01, 1600, 1800, 510, 180, 3.03, 9,  1, 1
V005, 2011-12-01, 1300, 1350, 410, 125, 3.12, 35, 2, 2
V005, 2012-01-01, 1500, 1250, 450, 120, 2.95, 23, 1, 1
V005, 2012-02-01, 1300, 1820, 340, 140, 3.13, 0,  0, 0
V005, 2012-03-01, 1550, 1170, 470, 110, 3.25, 27, 2, 2
V005, 2012-04-01, 1600, 1750, 500, 140, 3.52, 34, 1, 1
V006, 2011-01-01, 1000, 1600, 330, 120, 3.15,  0, 0, 0
V006, 2011-02-01, 1500, 1500, 500, 140, 2.85, 12, 1, 1
V006, 2011-03-01, 1300, 1800, 410, 110, 3.05, 15, 1, 1
V006, 2011-04-01, 1600, 1350, 350, 140, 2.95,  0, 0, 0
V006, 2011-05-01, 2000, 1250, 660, 160, 2.85, 15, 1, 1
V006, 2011-06-01, 1200, 1835, 300, 125, 3.25, 0,  0, 0
V006, 2011-07-01, 1900, 1110, 620, 190, 2.95, 9,  1, 1
V006, 2011-08-01, 1700, 1745, 610, 160, 3.27, 35, 2, 2
V006, 2011-09-01, 2100, 1635, 700, 210, 2.98, 23, 1, 1
V006, 2011-10-01, 2200, 1500, 720, 215, 2.87, 0,  0, 0
V006, 2011-11-01, 1600, 1800, 510, 180, 3.03, 27, 2, 2
V006, 2011-12-01, 1300, 1350, 410, 125, 3.12, 34, 1, 1
V006, 2012-01-01, 1500, 1250, 450, 120, 2.95,  0, 0, 0
V006, 2012-02-01, 1300, 1820, 340, 140, 3.13, 12, 1, 1
V006, 2012-03-01, 1550, 1170, 470, 110, 3.25, 15, 1, 1
V006, 2012-04-01, 1600, 1750, 500, 140, 3.52,  0, 0, 0
V007, 2011-01-01, 1000, 1660, 330, 120, 3.15, 15, 1, 1
V007, 2011-02-01, 1500, 1660, 500, 140, 2.85, 0,  0, 0
V007, 2011-03-01, 1300, 1635, 410, 110, 3.05, 9,  1, 1
V007, 2011-04-01, 1600, 1820, 350, 140, 2.95, 35, 2, 2
V007, 2011-05-01, 2000, 1250, 660, 160, 2.85, 23, 1, 1
V007, 2011-06-01, 1200, 1635, 300, 125, 3.25, 0,  0, 0
V007, 2011-07-01, 1900, 1820, 620, 190, 2.95, 27, 2, 2
V007, 2011-08-01, 1700, 1250, 610, 160, 3.27, 34, 1, 1
V007, 2011-09-01, 2100, 1110, 700, 210, 2.98,  0, 0, 0
V007, 2011-10-01, 2200, 1660, 720, 215, 2.87, 12, 1, 1
V007, 2011-11-01, 1600, 1660, 510, 180, 3.03, 15, 1, 1
V007, 2011-12-01, 1300, 1635, 410, 125, 3.12,  0, 0, 0
V007, 2012-01-01, 1500, 1820, 450, 120, 2.95, 15, 1, 1
V007, 2012-02-01, 1300, 1250, 340, 140, 3.13, 0,  0, 0
V007, 2012-03-01, 1550, 1635, 470, 110, 3.25, 9,  1, 1
V007, 2012-04-01, 1600, 1820, 500, 140, 3.52, 35, 2, 2
V008, 2011-01-01, 1000, 1250, 330, 120, 3.15, 23, 1, 1
V008, 2011-02-01, 1500, 1110, 500, 140, 2.85, 0,  0, 0
V008, 2011-03-01, 1300, 1820, 410, 110, 3.05, 27, 2, 2
V008, 2011-04-01, 1600, 1250, 350, 140, 2.95, 34, 1, 1
V008, 2011-05-01, 2000, 1110, 660, 160, 2.85,  0, 0, 0
V008, 2011-06-01, 1200, 1250, 300, 125, 3.25, 12, 1, 1
V008, 2011-07-01, 1900, 1835, 620, 190, 2.95, 15, 1, 1
V008, 2011-08-01, 1700, 1110, 610, 160, 3.27,  0, 0, 0
V008, 2011-09-01, 2100, 1745, 700, 210, 2.98, 15, 1, 1
V008, 2011-10-01, 2200, 1635, 720, 215, 2.87, 0,  0, 0
V008, 2011-11-01, 1600, 1500, 510, 180, 3.03, 9,  1, 1
V008, 2011-12-01, 1300, 1800, 410, 125, 3.12, 35, 2, 2
V008, 2012-01-01, 1500, 1350, 450, 120, 2.95, 23, 1, 1
V008, 2012-02-01, 1300, 1250, 340, 140, 3.13, 0,  0, 0
V008, 2012-03-01, 1550, 1820, 470, 110, 3.25, 27, 2, 2
V008, 2012-04-01, 1600, 1170, 500, 140, 3.52, 34, 1, 1
V009, 2011-01-01, 1000, 1750, 330, 120, 3.15,  0, 0, 0
V009, 2011-02-01, 1500, 1660, 500, 140, 2.85, 12, 1, 1
V009, 2011-03-01, 1300, 1660, 410, 110, 3.05, 15, 1, 1
V009, 2011-04-01, 1600, 1635, 350, 140, 2.95,  0, 0, 0
V009, 2011-05-01, 2000, 1820, 660, 160, 2.85, 15, 1, 1
V009, 2011-06-01, 1200, 1250, 300, 125, 3.25, 0,  0, 0
V009, 2011-07-01, 1900, 1635, 620, 190, 2.95, 9,  1, 1
V009, 2011-08-01, 1700, 1820, 610, 160, 3.27, 35, 2, 2
V009, 2011-09-01, 2100, 1250, 700, 210, 2.98, 23, 1, 1
V009, 2011-10-01, 2200, 1110, 720, 215, 2.87, 0,  0, 0
V009, 2011-11-01, 1600, 1660, 510, 180, 3.03, 27, 2, 2
V009, 2011-12-01, 1300, 1660, 410, 125, 3.12, 34, 1, 1
V009, 2012-01-01, 1500, 1635, 450, 120, 2.95,  0, 0, 0
V009, 2012-02-01, 1300, 1820, 340, 140, 3.13, 12, 1, 1
V009, 2012-03-01, 1550, 1250, 470, 110, 3.25, 15, 1, 1
V009, 2012-04-01, 1600, 1635, 500, 140, 3.52,  0, 0, 0
V010, 2011-01-01, 1000, 1820, 330, 120, 3.15, 15, 1, 1
V010, 2011-02-01, 1500, 1250, 500, 140, 2.85, 0,  0, 0
V010, 2011-03-01, 1300, 1110, 410, 110, 3.05, 9,  1, 1
V010, 2011-04-01, 1600, 1820, 350, 140, 2.95, 35, 2, 2
V010, 2011-05-01, 2000, 1250, 660, 160, 2.85, 23, 1, 1
V010, 2011-06-01, 1200, 1110, 300, 125, 3.25, 0,  0, 0
V010, 2011-07-01, 1900, 1820, 620, 190, 2.95, 27, 2, 2
V010, 2011-08-01, 1700, 1250, 610, 160, 3.27, 34, 1, 1
V010, 2011-09-01, 2100, 1635, 700, 210, 2.98,  0, 0, 0
V010, 2011-10-01, 2200, 1820, 720, 215, 2.87, 12, 1, 1
V010, 2011-11-01, 1600, 1250, 510, 180, 3.03, 15, 1, 1
V010, 2011-12-01, 1300, 1110, 410, 125, 3.12,  0, 0, 0
V010, 2012-01-01, 1500, 1820, 450, 120, 2.95, 15, 1, 1
V010, 2012-02-01, 1300, 1250, 340, 140, 3.13, 0,  0, 0
V010, 2012-03-01, 1550, 1145, 470, 110, 3.25, 9,  1, 1
V010, 2012-04-01, 1600, 1250, 500, 140, 3.52, 35, 2, 2
V001, 2010-01-01, 1000, 1110, 330, 120, 3.15, 23, 1, 1
V001, 2010-02-01, 1500, 1660, 500, 140, 2.85, 0,  0, 0
V001, 2010-03-01, 1300, 1660, 410, 110, 3.05, 27, 2, 2
V001, 2010-04-01, 1600, 1635, 350, 140, 2.95, 34, 1, 1
V001, 2010-05-01, 2000, 1820, 660, 160, 2.85,  0, 0, 0
V001, 2010-06-01, 1200, 1250, 300, 125, 3.25, 12, 1, 1
V001, 2010-07-01, 1900, 1635, 620, 190, 2.95, 15, 1, 1
V001, 2010-08-01, 1700, 1820, 610, 160, 3.27,  0, 0, 0
V001, 2010-09-01, 2100, 1250, 700, 210, 2.98, 15, 1, 1
V001, 2010-10-01, 2200, 1110, 720, 215, 2.87, 0,  0, 0
V001, 2010-11-01, 1600, 1820, 510, 180, 3.03, 9,  1, 1
V001, 2010-12-01, 1300, 1250, 410, 125, 3.12, 35, 2, 2
V002, 2010-01-01, 1000, 1110, 330, 120, 3.15, 23, 1, 1
V002, 2010-02-01, 1500, 1250, 500, 140, 2.85, 0,  0, 0
V002, 2010-03-01, 1300, 1835, 410, 110, 3.05, 27, 2, 2
V002, 2010-04-01, 1600, 1110, 350, 140, 2.95, 34, 1, 1
V002, 2010-05-01, 2000, 1745, 660, 160, 2.85,  0, 0, 0
V002, 2010-06-01, 1200, 1635, 300, 125, 3.25, 12, 1, 1
V002, 2010-07-01, 1900, 1500, 620, 190, 2.95, 15, 1, 1
V002, 2010-08-01, 1700, 1800, 610, 160, 3.27,  0, 0, 0
V002, 2010-09-01, 2100, 1350, 700, 210, 2.98, 15, 1, 1
V002, 2010-10-01, 2200, 1250, 720, 215, 2.87, 0,  0, 0
V002, 2010-11-01, 1600, 1820, 510, 180, 3.03, 9,  1, 1
V002, 2010-12-01, 1300, 1170, 410, 125, 3.12, 35, 2, 2
V003, 2010-01-01, 1000, 1750, 330, 120, 3.15, 23, 1, 1
V003, 2010-02-01, 1500, 1660, 500, 140, 2.85, 0,  0, 0
V003, 2010-03-01, 1300, 1660, 410, 110, 3.05, 27, 2, 2
V003, 2010-04-01, 1600, 1635, 350, 140, 2.95, 34, 1, 1
V003, 2010-05-01, 2000, 1820, 660, 160, 2.85,  0, 0, 0
V003, 2010-06-01, 1200, 1250, 300, 125, 3.25, 12, 1, 1
V003, 2010-07-01, 1900, 1635, 620, 190, 2.95, 15, 1, 1
V003, 2010-08-01, 1700, 1820, 610, 160, 3.27,  0, 0, 0
V003, 2010-09-01, 2100, 1250, 700, 210, 2.98, 15, 1, 1
V003, 2010-10-01, 2200, 1110, 720, 215, 2.87, 0,  0, 0
V003, 2010-11-01, 1600, 1660, 510, 180, 3.03, 9,  1, 1
V003, 2010-12-01, 1300, 1660, 410, 125, 3.12, 35, 2, 2
V004, 2010-01-01, 1000, 1635, 330, 120, 3.15, 23, 1, 1
V004, 2010-02-01, 1500, 1820, 500, 140, 2.85, 0,  0, 0
V004, 2010-03-01, 1300, 1250, 410, 110, 3.05, 27, 2, 2
V004, 2010-04-01, 1600, 1635, 350, 140, 2.95, 34, 1, 1
V004, 2010-05-01, 2000, 1820, 660, 160, 2.85,  0, 0, 0
V004, 2010-06-01, 1200, 1250, 300, 125, 3.25, 12, 1, 1
V004, 2010-07-01, 1900, 1110, 620, 190, 2.95, 15, 1, 1
V004, 2010-08-01, 1700, 1820, 610, 160, 3.27,  0, 0, 0
V004, 2010-09-01, 2100, 1250, 700, 210, 2.98, 15, 1, 1
V004, 2010-10-01, 2200, 1110, 720, 215, 2.87, 0,  0, 0
V004, 2010-11-01, 1600, 1820, 510, 180, 3.03, 9,  1, 1
V004, 2010-12-01, 1300, 1250, 410, 125, 3.12, 35, 2, 2
V005, 2010-01-01, 1000, 1635, 330, 120, 3.15, 23, 1, 1
V005, 2010-02-01, 1500, 1820, 500, 140, 2.85, 0,  0, 0
V005, 2010-03-01, 1300, 1250, 410, 110, 3.05, 27, 2, 2
V005, 2010-04-01, 1600, 1110, 350, 140, 2.95, 34, 1, 1
V005, 2010-05-01, 2000, 1820, 660, 160, 2.85,  0, 0, 0
V005, 2010-06-01, 1200, 1250, 300, 125, 3.25, 12, 1, 1
V005, 2010-07-01, 1900, 1145, 620, 190, 2.95, 15, 1, 1
V005, 2010-08-01, 1700, 1250, 610, 160, 3.27,  0, 0, 0
V005, 2010-09-01, 2100, 1110, 700, 210, 2.98, 15, 1, 1
V005, 2010-10-01, 2200, 1820, 720, 215, 2.87, 0,  0, 0
V005, 2010-11-01, 1600, 1250, 510, 180, 3.03, 9,  1, 1
V005, 2010-12-01, 1300, 1145, 410, 125, 3.12, 35, 2, 2
V006, 2010-01-01, 1000, 1820, 330, 120, 3.15, 23, 1, 1
V006, 2010-02-01, 1500, 1350, 500, 140, 2.85, 0,  0, 0
V006, 2010-03-01, 1300, 1250, 410, 110, 3.05, 27, 2, 2
V006, 2010-04-01, 1600, 1820, 350, 140, 2.95, 34, 1, 1
V006, 2010-05-01, 2000, 1170, 660, 160, 2.85,  0, 0, 0
V006, 2010-06-01, 1200, 1750, 300, 125, 3.25, 12, 1, 1
V006, 2010-07-01, 1900, 1600, 620, 190, 2.95, 15, 1, 1
V006, 2010-08-01, 1700, 1500, 610, 160, 3.27,  0, 0, 0
V006, 2010-09-01, 2100, 1800, 700, 210, 2.98, 15, 1, 1
V006, 2010-10-01, 2200, 1350, 720, 215, 2.87, 0,  0, 0
V006, 2010-11-01, 1600, 1250, 510, 180, 3.03, 9,  1, 1
V006, 2010-12-01, 1300, 1835, 410, 125, 3.12, 35, 2, 2
V007, 2010-01-01, 1000, 1110, 330, 120, 3.15, 23, 1, 1
V007, 2010-02-01, 1500, 1745, 500, 140, 2.85, 0,  0, 0
V007, 2010-03-01, 1300, 1635, 410, 110, 3.05, 27, 2, 2
V007, 2010-04-01, 1600, 1500, 350, 140, 2.95, 34, 1, 1
V007, 2010-05-01, 2000, 1800, 660, 160, 2.85,  0, 0, 0
V007, 2010-06-01, 1200, 1350, 300, 125, 3.25, 12, 1, 1
V007, 2010-07-01, 1900, 1250, 620, 190, 2.95, 15, 1, 1
V007, 2010-08-01, 1700, 1820, 610, 160, 3.27,  0, 0, 0
V007, 2010-09-01, 2100, 1170, 700, 210, 2.98, 15, 1, 1
V007, 2010-10-01, 2200, 1750, 720, 215, 2.87, 0,  0, 0
V007, 2010-11-01, 1600, 1660, 510, 180, 3.03, 9,  1, 1
V007, 2010-12-01, 1300, 1500, 410, 125, 3.12, 35, 2, 2
V008, 2010-01-01, 1000, 1800, 330, 120, 3.15, 23, 1, 1
V008, 2010-02-01, 1500, 1350, 500, 140, 2.85, 0,  0, 0
V008, 2010-03-01, 1300, 1250, 410, 110, 3.05, 27, 2, 2
V008, 2010-04-01, 1600, 1820, 350, 140, 2.95, 34, 1, 1
V008, 2010-05-01, 2000, 1170, 660, 160, 2.85,  0, 0, 0
V008, 2010-06-01, 1200, 1750, 300, 125, 3.25, 12, 1, 1
V008, 2010-07-01, 1900, 1600, 620, 190, 2.95, 15, 1, 1
V008, 2010-08-01, 1700, 1500, 610, 160, 3.27,  0, 0, 0
V008, 2010-09-01, 2100, 1800, 700, 210, 2.98, 15, 1, 1
V008, 2010-10-01, 2200, 1350, 720, 215, 2.87, 0,  0, 0
V008, 2010-11-01, 1600, 1250, 510, 180, 3.03, 9,  1, 1
V008, 2010-12-01, 1300, 1835, 410, 125, 3.12, 35, 2, 2
V009, 2010-01-01, 1000, 1110, 330, 120, 3.15, 23, 1, 1
V009, 2010-02-01, 1500, 1745, 500, 140, 2.85, 0,  0, 0
V009, 2010-03-01, 1300, 1635, 410, 110, 3.05, 27, 2, 2
V009, 2010-04-01, 1600, 1500, 350, 140, 2.95, 34, 1, 1
V009, 2010-05-01, 2000, 1800, 660, 160, 2.85,  0, 0, 0
V009, 2010-06-01, 1200, 1350, 300, 125, 3.25, 12, 1, 1
V009, 2010-07-01, 1900, 1250, 620, 190, 2.95, 15, 1, 1
V009, 2010-08-01, 1700, 1820, 610, 160, 3.27,  0, 0, 0
V009, 2010-09-01, 2100, 1170, 700, 210, 2.98, 15, 1, 1
V009, 2010-10-01, 2200, 1750, 720, 215, 2.87, 0,  0, 0
V009, 2010-11-01, 1600, 1660, 510, 180, 3.03, 9,  1, 1
V009, 2010-12-01, 1300, 1660, 410, 125, 3.12, 35, 2, 2
V010, 2010-01-01, 1000, 1635, 330, 120, 3.15, 23, 1, 1
V010, 2010-02-01, 1500, 1820, 500, 140, 2.85, 0,  0, 0
V010, 2010-03-01, 1300, 1250, 410, 110, 3.05, 27, 2, 2
V010, 2010-04-01, 1600, 1635, 350, 140, 2.95, 34, 1, 1
V010, 2010-05-01, 2000, 1820, 660, 160, 2.85,  0, 0, 0
V010, 2010-06-01, 1200, 1250, 300, 125, 3.25, 12, 1, 1
V010, 2010-07-01, 1900, 1110, 620, 190, 2.95, 15, 1, 1
V010, 2010-08-01, 1700, 1600, 610, 160, 3.27,  0, 0, 0
V010, 2010-09-01, 2100, 1500, 700, 210, 2.98, 15, 1, 1
V010, 2010-10-01, 2200, 1800, 720, 215, 2.87, 0,  0, 0
V010, 2010-11-01, 1600, 1350, 510, 180, 3.03, 9,  1, 1
V010, 2010-12-01, 1300, 1250, 410, 125, 3.12, 35, 2, 2
V001, 2009-01-01, 1000, 1835, 330, 120, 3.15, 23, 1, 1
V001, 2009-02-01, 1500, 1110, 500, 140, 2.85, 0,  0, 0
V001, 2009-03-01, 1300, 1745, 410, 110, 3.05, 27, 2, 2
V001, 2009-04-01, 1600, 1635, 350, 140, 2.95, 34, 1, 1
V001, 2009-05-01, 2000, 1500, 660, 160, 2.85,  0, 0, 0
V001, 2009-06-01, 1200, 1800, 300, 125, 3.25, 12, 1, 1
V001, 2009-07-01, 1900, 1350, 620, 190, 2.95, 15, 1, 1
V001, 2009-08-01, 1700, 1250, 610, 160, 3.27,  0, 0, 0
V001, 2009-09-01, 2100, 1820, 700, 210, 2.98, 15, 1, 1
V001, 2009-10-01, 2200, 1170, 720, 215, 2.87, 0,  0, 0
V001, 2009-11-01, 1600, 1750, 510, 180, 3.03, 9,  1, 1
V001, 2009-12-01, 1300, 1660, 410, 125, 3.12, 35, 2, 2
V002, 2009-01-01, 1000, 1500, 330, 120, 3.15, 23, 1, 1
V002, 2009-02-01, 1500, 1800, 500, 140, 2.85, 0,  0, 0
V002, 2009-03-01, 1300, 1350, 410, 110, 3.05, 27, 2, 2
V002, 2009-04-01, 1600, 1250, 350, 140, 2.95, 34, 1, 1
V002, 2009-05-01, 2000, 1820, 660, 160, 2.85,  0, 0, 0
V002, 2009-06-01, 1200, 1170, 300, 125, 3.25, 12, 1, 1
V002, 2009-07-01, 1900, 1750, 620, 190, 2.95, 15, 1, 1
V002, 2009-08-01, 1700, 1600, 610, 160, 3.27,  0, 0, 0
V002, 2009-09-01, 2100, 1500, 700, 210, 2.98, 15, 1, 1
V002, 2009-10-01, 2200, 1800, 720, 215, 2.87, 0,  0, 0
V002, 2009-11-01, 1600, 1350, 510, 180, 3.03, 9,  1, 1
V002, 2009-12-01, 1300, 1250, 410, 125, 3.12, 35, 2, 2
V003, 2009-01-01, 1000, 1835, 330, 120, 3.15, 23, 1, 1
V003, 2009-02-01, 1500, 1110, 500, 140, 2.85, 0,  0, 0
V003, 2009-03-01, 1300, 1745, 410, 110, 3.05, 27, 2, 2
V003, 2009-04-01, 1600, 1635, 350, 140, 2.95, 34, 1, 1
V003, 2009-05-01, 2000, 1500, 660, 160, 2.85,  0, 0, 0
V003, 2009-06-01, 1200, 1800, 300, 125, 3.25, 12, 1, 1
V003, 2009-07-01, 1900, 1350, 620, 190, 2.95, 15, 1, 1
V003, 2009-08-01, 1700, 1250, 610, 160, 3.27,  0, 0, 0
V003, 2009-09-01, 2100, 1820, 700, 210, 2.98, 15, 1, 1
V003, 2009-10-01, 2200, 1170, 720, 215, 2.87, 0,  0, 0
V003, 2009-11-01, 1600, 1750, 510, 180, 3.03, 9,  1, 1
V003, 2009-12-01, 1300, 1660, 410, 125, 3.12, 35, 2, 2
V004, 2009-01-01, 1000, 1660, 330, 120, 3.15, 23, 1, 1
V004, 2009-02-01, 1500, 1635, 500, 140, 2.85, 0,  0, 0
V004, 2009-03-01, 1300, 1820, 410, 110, 3.05, 27, 2, 2
V004, 2009-04-01, 1600, 1250, 350, 140, 2.95, 34, 1, 1
V004, 2009-05-01, 2000, 1635, 660, 160, 2.85,  0, 0, 0
V004, 2009-06-01, 1200, 1820, 300, 125, 3.25, 12, 1, 1
V004, 2009-07-01, 1900, 1250, 620, 190, 2.95, 15, 1, 1
V004, 2009-08-01, 1700, 1110, 610, 160, 3.27,  0, 0, 0
V004, 2009-09-01, 2100, 1660, 700, 210, 2.98, 15, 1, 1
V004, 2009-10-01, 2200, 1660, 720, 215, 2.87, 0,  0, 0
V004, 2009-11-01, 1600, 1635, 510, 180, 3.03, 9,  1, 1
V004, 2009-12-01, 1300, 1820, 410, 125, 3.12, 35, 2, 2
V005, 2009-01-01, 1000, 1250, 330, 120, 3.15, 23, 1, 1
V005, 2009-02-01, 1500, 1635, 500, 140, 2.85, 0,  0, 0
V005, 2009-03-01, 1300, 1820, 410, 110, 3.05, 27, 2, 2
V005, 2009-04-01, 1600, 1250, 350, 140, 2.95, 34, 1, 1
V005, 2009-05-01, 2000, 1110, 660, 160, 2.85,  0, 0, 0
V005, 2009-06-01, 1200, 1820, 300, 125, 3.25, 12, 1, 1
V005, 2009-07-01, 1900, 1250, 620, 190, 2.95, 15, 1, 1
V005, 2009-08-01, 1700, 1110, 610, 160, 3.27,  0, 0, 0
V005, 2009-09-01, 2100, 1250, 700, 210, 2.98, 15, 1, 1
V005, 2009-10-01, 2200, 1835, 720, 215, 2.87, 0,  0, 0
V005, 2009-11-01, 1600, 1110, 510, 180, 3.03, 9,  1, 1
V005, 2009-12-01, 1300, 1745, 410, 125, 3.12, 35, 2, 2
V006, 2009-01-01, 1000, 1635, 330, 120, 3.15, 23, 1, 1
V006, 2009-02-01, 1500, 1500, 500, 140, 2.85, 0,  0, 0
V006, 2009-03-01, 1300, 1800, 410, 110, 3.05, 27, 2, 2
V006, 2009-04-01, 1600, 1350, 350, 140, 2.95, 34, 1, 1
V006, 2009-05-01, 2000, 1250, 660, 160, 2.85,  0, 0, 0
V006, 2009-06-01, 1200, 1820, 300, 125, 3.25, 12, 1, 1
V006, 2009-07-01, 1900, 1170, 620, 190, 2.95, 15, 1, 1
V006, 2009-08-01, 1700, 1750, 610, 160, 3.27,  0, 0, 0
V006, 2009-09-01, 2100, 1660, 700, 210, 2.98, 15, 1, 1
V006, 2009-10-01, 2200, 1660, 720, 215, 2.87, 0,  0, 0
V006, 2009-11-01, 1600, 1635, 510, 180, 3.03, 9,  1, 1
V006, 2009-12-01, 1300, 1820, 410, 125, 3.12, 35, 2, 2
V007, 2009-01-01, 1000, 1250, 330, 120, 3.15, 23, 1, 1
V007, 2009-02-01, 1500, 1635, 500, 140, 2.85, 0,  0, 0
V007, 2009-03-01, 1300, 1820, 410, 110, 3.05, 27, 2, 2
V007, 2009-04-01, 1600, 1250, 350, 140, 2.95, 34, 1, 1
V007, 2009-05-01, 2000, 1110, 660, 160, 2.85,  0, 0, 0
V007, 2009-06-01, 1200, 1660, 300, 125, 3.25, 12, 1, 1
V007, 2009-07-01, 1900, 1660, 620, 190, 2.95, 15, 1, 1
V007, 2009-08-01, 1700, 1635, 610, 160, 3.27,  0, 0, 0
V007, 2009-09-01, 2100, 1820, 700, 210, 2.98, 15, 1, 1
V007, 2009-10-01, 2200, 1250, 720, 215, 2.87, 0,  0, 0
V007, 2009-11-01, 1600, 1635, 510, 180, 3.03, 9,  1, 1
V007, 2009-12-01, 1300, 1820, 410, 125, 3.12, 35, 2, 2
V008, 2009-01-01, 1000, 1250, 330, 120, 3.15, 23, 1, 1
V008, 2009-02-01, 1500, 1110, 500, 140, 2.85, 0,  0, 0
V008, 2009-03-01, 1300, 1820, 410, 110, 3.05, 27, 2, 2
V008, 2009-04-01, 1600, 1250, 350, 140, 2.95, 34, 1, 1
V008, 2009-05-01, 2000, 1110, 660, 160, 2.85,  0, 0, 0
V008, 2009-06-01, 1200, 1820, 300, 125, 3.25, 12, 1, 1
V008, 2009-07-01, 1900, 1250, 620, 190, 2.95, 15, 1, 1
V008, 2009-08-01, 1700, 1635, 610, 160, 3.27,  0, 0, 0
V008, 2009-09-01, 2100, 1820, 700, 210, 2.98, 15, 1, 1
V008, 2009-10-01, 2200, 1250, 720, 215, 2.87, 0,  0, 0
V008, 2009-11-01, 1600, 1110, 510, 180, 3.03, 9,  1, 1
V008, 2009-12-01, 1300, 1820, 410, 125, 3.12, 35, 2, 2
V009, 2009-01-01, 1000, 1250, 330, 120, 3.15, 23, 1, 1
V009, 2009-02-01, 1500, 1145, 500, 140, 2.85, 0,  0, 0
V009, 2009-03-01, 1300, 1250, 410, 110, 3.05, 27, 2, 2
V009, 2009-04-01, 1600, 1110, 350, 140, 2.95, 34, 1, 1
V009, 2009-05-01, 2000, 1660, 660, 160, 2.85,  0, 0, 0
V009, 2009-06-01, 1200, 1660, 300, 125, 3.25, 12, 1, 1
V009, 2009-07-01, 1900, 1635, 620, 190, 2.95, 15, 1, 1
V009, 2009-08-01, 1700, 1820, 610, 160, 3.27,  0, 0, 0
V009, 2009-09-01, 2100, 1250, 700, 210, 2.98, 15, 1, 1
V009, 2009-10-01, 2200, 1635, 720, 215, 2.87, 0,  0, 0
V009, 2009-11-01, 1600, 1820, 510, 180, 3.03, 9,  1, 1
V009, 2009-12-01, 1300, 1250, 410, 125, 3.12, 35, 2, 2
V010, 2009-01-01, 1000, 1110, 330, 120, 3.15, 23, 1, 1
V010, 2009-02-01, 1500, 1820, 500, 140, 2.85, 0,  0, 0
V010, 2009-03-01, 1300, 1250, 410, 110, 3.05, 27, 2, 2
V010, 2009-04-01, 1600, 1110, 350, 140, 2.95, 34, 1, 1
V010, 2009-05-01, 2000, 1250, 660, 160, 2.85,  0, 0, 0
V010, 2009-06-01, 1200, 1835, 300, 125, 3.25, 12, 1, 1
V010, 2009-07-01, 1900, 1110, 620, 190, 2.95, 15, 1, 1
V010, 2009-08-01, 1700, 1745, 610, 160, 3.27,  0, 0, 0
V010, 2009-09-01, 2100, 1635, 700, 210, 2.98, 15, 1, 1
V010, 2009-10-01, 2200, 1500, 720, 215, 2.87, 0,  0, 0
V010, 2009-11-01, 1600, 1800, 510, 180, 3.03, 9,  1, 1
V010, 2009-12-01, 1300, 1350, 410, 125, 3.12, 35, 2, 2